Transaction Date,Post Date,Description,Category,Type,Amount,Memo
05/19/2025,05/20/2025,TST*YELLOW DOG EATS - WI,Food & Drink,Sale,-36.53,
05/18/2025,05/19/2025,TEXAS ROADHOUSE #2558,Food & Drink,Sale,-37.81,
05/15/2025,05/18/2025,GOODWILL OVEIDO #5256,Shopping,Sale,-32.04,
05/14/2025,05/15/2025,AMAZON MKTPL*NI49N7IY1,Shopping,Sale,-18.18,
05/15/2025,05/15/2025,AMAZON MKTPL*NZ7SI1482,Shopping,Sale,-21.27,
05/13/2025,05/14/2025,PUBLIX #458,Groceries,Sale,-7.23,
05/12/2025,05/12/2025,Payment Thank You - Bill,,Payment,2219.54,
05/11/2025,05/12/2025,PUBLIX #1789,Groceries,Sale,-24.35,
05/08/2025,05/09/2025,ATT*BILL PAYMENT,Bills & Utilities,Sale,-90.28,
05/08/2025,05/08/2025,CURSOR  AI POWERED IDE,Shopping,Sale,-20.00,
05/07/2025,05/08/2025,TST*KNIGHTS OUT,Food & Drink,Sale,-32.90,
05/07/2025,05/08/2025,PUBLIX #458,Groceries,Sale,-34.92,
05/06/2025,05/07/2025,COSTCO GAS #0185,Gas,Sale,-59.08,
05/06/2025,05/07/2025,COSTCO WHSE #0185,Shopping,Sale,-218.08,
05/06/2025,05/07/2025,COSTCO WHSE #0185,Shopping,Sale,-5.08,
05/05/2025,05/07/2025,LIFT 365,Health & Wellness,Sale,-35.26,
05/07/2025,05/07/2025,AMAZON MKTPL*NB8739KE0,Shopping,Sale,-8.55,
05/05/2025,05/07/2025,TST*DON JULIO MEXICAN KI,Food & Drink,Sale,-61.81,
05/05/2025,05/06/2025,PUBLIX #458,Groceries,Sale,-36.98,
05/04/2025,05/05/2025,PUBLIX #542,Groceries,Sale,-16.01,
05/05/2025,05/05/2025,STEAMGAMES.COM 4259522985,Entertainment,Sale,-19.99,
05/04/2025,05/05/2025,Amazon.com*NI7AG6ED2,Shopping,Sale,-42.79,
05/02/2025,05/04/2025,AMAZON MKTPL*N28KF8W71,Shopping,Sale,-10.69,
05/03/2025,05/04/2025,OPENAI *CHATGPT SUBSCR,Shopping,Sale,-20.00,
05/01/2025,05/04/2025,AMAZON MKTPL*N269L4W61,Shopping,Sale,-32.09,
05/03/2025,05/04/2025,CURSOR  AI POWERED IDE,Shopping,Sale,-20.00,
04/30/2025,05/02/2025,GOODWILL OVEIDO #5256,Shopping,Sale,-19.43,
04/30/2025,05/01/2025,UCF CARD REGIONAL,Education,Sale,-20.00,
04/29/2025,04/30/2025,STATE FARM  INSURANCE,Bills & Utilities,Sale,-16.91,
04/27/2025,04/29/2025,PUBLIX #1789,Groceries,Sale,-26.12,
04/26/2025,04/27/2025,AMAZON MKTPL*XE5S716K3,Shopping,Sale,-29.95,
04/25/2025,04/25/2025,LA FITNESS,Health & Wellness,Sale,-10.70,
04/22/2025,04/23/2025,PUBLIX #458,Groceries,Sale,-45.62,
04/20/2025,04/22/2025,EXXON 7-ELEVEN 34828,Gas,Sale,-17.62,
04/21/2025,04/22/2025,COSTCO GAS #0185,Gas,Sale,-47.25,
04/21/2025,04/22/2025,COSTCO WHSE #0185,Shopping,Sale,-243.40,
04/21/2025,04/22/2025,COSTCO WHSE #0185,Shopping,Sale,-5.08,
04/17/2025,04/20/2025,TST*DON JULIO MEXICAN KI,Food & Drink,Sale,-113.08,
04/16/2025,04/17/2025,MENS WEARHOUSE #3337,Shopping,Sale,-191.69,
04/15/2025,04/17/2025,GOODWILL OVEIDO #5256,Shopping,Sale,-132.01,
04/14/2025,04/15/2025,CANVA* I04486-56100342,Professional Services,Sale,-239.98,
04/13/2025,04/14/2025,KUNUKU BOAT BAR 01606140,Food & Drink,Sale,-20.78,
04/12/2025,04/13/2025,CVS/PHARMACY #05152,Health & Wellness,Sale,-19.17,
04/10/2025,04/11/2025,PUBLIX #458,Groceries,Sale,-32.89,
04/09/2025,04/09/2025,Payment Thank You - Bill,,Payment,1607.33,
04/08/2025,04/09/2025,WAL-MART #5106,Groceries,Sale,-19.72,
04/08/2025,04/09/2025,ATT*BILL PAYMENT,Bills & Utilities,Sale,-85.27,
04/08/2025,04/08/2025,CURSOR  AI POWERED IDE,Shopping,Sale,-20.00,
04/07/2025,04/08/2025,COSTCO GAS #0185,Gas,Sale,-54.15,
04/07/2025,04/08/2025,COSTCO WHSE #0185,Shopping,Sale,-223.58,
04/07/2025,04/08/2025,COSTCO WHSE #0185,Shopping,Sale,-5.08,
04/05/2025,04/07/2025,CHICK-FIL-A #03888,Food & Drink,Sale,-21.86,
04/03/2025,04/04/2025,OPENAI *CHATGPT SUBSCR,Shopping,Sale,-20.00,
04/03/2025,04/04/2025,PUBLIX #229,Groceries,Sale,-12.88,
04/03/2025,04/03/2025,CURSOR  AI POWERED IDE,Shopping,Sale,-20.00,
04/02/2025,04/03/2025,D'AMICO &amp;SON'S ITALIAN M,Groceries,Sale,-13.90,
03/27/2025,03/28/2025,STATE FARM  INSURANCE,Bills & Utilities,Sale,-16.91,
03/26/2025,03/27/2025,COSTCO GAS #0185,Gas,Sale,-55.39,
03/26/2025,03/27/2025,COSTCO WHSE #0185,Shopping,Sale,-242.91,
03/26/2025,03/27/2025,COSTCO WHSE #0185,Shopping,Sale,-5.08,
03/24/2025,03/25/2025,AMAZON MKTPL*DB5UQ2P33,Shopping,Sale,-21.35,
03/25/2025,03/25/2025,LA FITNESS,Health & Wellness,Sale,-10.70,
03/23/2025,03/24/2025,PUBLIX #1789,Groceries,Sale,-41.68,
03/23/2025,03/24/2025,TST*HAWKERS ASIAN STREE,Food & Drink,Sale,-74.32,
03/21/2025,03/23/2025,MARATHON 182022,Gas,Sale,-36.77,
03/21/2025,03/23/2025,PIGGLY WIGGLY EXPRESS,Gas,Sale,-45.99,
03/21/2025,03/23/2025,WAL-MART #4520,Groceries,Sale,-7.19,
03/21/2025,03/23/2025,CHICK-FIL-A #00760,Food & Drink,Sale,-9.73,
03/21/2025,03/23/2025,CSC SERVICEWORK,Food & Drink,Sale,-2.50,
03/21/2025,03/23/2025,PIGGLY WIGGLY EXPRE,Groceries,Sale,-13.20,
03/19/2025,03/21/2025,MARATHON 182022,Gas,Sale,-30.37,
03/19/2025,03/21/2025,MARATHON 182022,Gas,Sale,-25.56,
03/19/2025,03/20/2025,WAL-MART #110,Groceries,Sale,-8.95,
03/19/2025,03/20/2025,PUBLIX #1798,Groceries,Sale,-212.41,
03/19/2025,03/20/2025,WAL-MART #110,Gas,Sale,-51.82,
03/19/2025,03/20/2025,NIC*-DEP ST GEORGE ISL,Bills & Utilities,Sale,-44.20,
03/18/2025,03/19/2025,AMAZON MKTPL*5326J2X03,Shopping,Sale,-34.80,
03/18/2025,03/18/2025,AMAZON MKTPL*598A84TT3,Shopping,Sale,-18.18,
03/16/2025,03/17/2025,PUBLIX #1789,Groceries,Sale,-26.56,
03/16/2025,03/17/2025,HERFF JONES,Shopping,Sale,-370.71,
03/15/2025,03/16/2025,AMAZON MKTPL*G407Z3V13,Shopping,Sale,-32.07,
03/13/2025,03/14/2025,PUBLIX #1649,Groceries,Sale,-19.23,
03/12/2025,03/14/2025,LADY JANES - ORLANDO,Personal,Sale,-40.00,
03/13/2025,03/14/2025,PUBLIX #1649,Groceries,Sale,-1.33,
03/13/2025,03/14/2025,CHE*CHEGG STUDY,Shopping,Sale,-17.62,
03/12/2025,03/12/2025,Payment Thank You - Bill,,Payment,3183.07,
03/11/2025,03/12/2025,AMAZON MKTPL*TF8GP9J33,Shopping,Sale,-37.44,
03/10/2025,03/11/2025,COSTCO GAS #0185,Gas,Sale,-45.57,
03/10/2025,03/11/2025,COSTCO WHSE #0185,Shopping,Sale,-318.68,
03/10/2025,03/11/2025,COSTCO WHSE #0185,Shopping,Sale,-5.08,
03/10/2025,03/11/2025,ATT*BILL PAYMENT,Bills & Utilities,Sale,-85.27,
03/10/2025,03/11/2025,AMAZON MKTPL*FF5054303,Shopping,Sale,-53.38,
03/09/2025,03/10/2025,PUBLIX #1789,Groceries,Sale,-32.33,
03/09/2025,03/10/2025,TST*HAWKERS ASIAN STREE,Food & Drink,Sale,-73.25,
03/08/2025,03/09/2025,CURSOR  AI POWERED IDE,Shopping,Sale,-20.04,
03/03/2025,03/04/2025,OPENAI *CHATGPT SUBSCR,Shopping,Sale,-20.00,
03/02/2025,03/03/2025,AMAZON MKTPL*P80PX1TB3,Shopping,Sale,-38.50,
03/03/2025,03/03/2025,CURSOR  AI POWERED IDE,Shopping,Sale,-20.00,
03/02/2025,03/03/2025,PUBLIX #1789,Groceries,Sale,-76.30,
03/01/2025,03/02/2025,MICROSOFT*XBOX,Shopping,Sale,-9.99,
02/28/2025,03/02/2025,CHICK-FIL-A #03888,Food & Drink,Sale,-18.81,
02/27/2025,02/28/2025,STATE FARM  INSURANCE,Bills & Utilities,Sale,-16.91,
02/26/2025,02/28/2025,GOODWILL OVEIDO #5256,Shopping,Sale,-48.28,
02/25/2025,02/25/2025,LA FITNESS,Health & Wellness,Sale,-10.70,
02/24/2025,02/25/2025,COSTCO GAS #0185,Gas,Sale,-40.16,
02/24/2025,02/25/2025,COSTCO WHSE #0185,Shopping,Sale,-290.23,
02/23/2025,02/24/2025,PUBLIX #1789,Groceries,Sale,-88.23,
02/21/2025,02/23/2025,TST* BAR LOUIE - UCF,Food & Drink,Sale,-25.43,
02/20/2025,02/21/2025,SOLO BRANDS LLC,Home,Sale,-58.83,
02/18/2025,02/19/2025,AMAZON MKTPL*OX22Q6KS3,Shopping,Sale,-50.90,
02/16/2025,02/17/2025,PUBLIX #1789,Groceries,Sale,-12.77,
02/13/2025,02/14/2025,CHE*CHEGG STUDY,Shopping,Sale,-17.62,
02/13/2025,02/14/2025,AMAZON MKTPL*K46PW4S83,Shopping,Sale,-35.29,
02/14/2025,02/14/2025,AMAZON MKTPL*299ZL0RR3,Shopping,Sale,-12.99,
02/12/2025,02/13/2025,PUBLIX #458,Groceries,Sale,-43.93,
02/12/2025,02/13/2025,COSTCO GAS #0185,Gas,Sale,-31.18,
02/12/2025,02/13/2025,COSTCO WHSE #0185,Shopping,Sale,-172.21,
02/12/2025,02/12/2025,Payment Thank You - Bill,,Payment,2033.64,
02/11/2025,02/12/2025,AMAZON MKTPL*LD2WK4U33,Shopping,Sale,-11.22,
02/10/2025,02/11/2025,CHIPOTLE ONLINE,Food & Drink,Sale,-0.05,
02/09/2025,02/10/2025,ATT*BILL PAYMENT,Bills & Utilities,Sale,-85.27,
02/09/2025,02/10/2025,PUBLIX #1789,Groceries,Sale,-37.26,
02/08/2025,02/09/2025,CURSOR  AI POWERED IDE,Shopping,Sale,-20.00,
02/03/2025,02/04/2025,COSTCO GAS #0185,Gas,Sale,-49.91,
02/03/2025,02/04/2025,COSTCO WHSE #0185,Shopping,Sale,-77.33,
02/03/2025,02/04/2025,CURSOR USAGE  JAN,Shopping,Sale,-1.20,
02/03/2025,02/04/2025,OPENAI *CHATGPT SUBSCR,Shopping,Sale,-20.00,
02/03/2025,02/04/2025,PUBLIX #1789,Groceries,Sale,-23.88,
02/02/2025,02/03/2025,WAL-MART #5106,Groceries,Sale,-46.05,
02/02/2025,02/03/2025,PUBLIX #1789,Groceries,Sale,-30.94,
01/29/2025,01/30/2025,MAVIS01250,Automotive,Sale,-1519.61,
01/28/2025,01/29/2025,UCF CHICK FIL A JTW,Food & Drink,Sale,-11.32,
01/27/2025,01/29/2025,SignUp *USFCollegeOfNursi,Entertainment,Sale,-40.52,
01/28/2025,01/29/2025,SQ *TRI COUNTY TOWING,Automotive,Sale,-213.90,
01/28/2025,01/29/2025,STATE FARM  INSURANCE,Bills & Utilities,Sale,-16.91,
01/26/2025,01/28/2025,PUBLIX #1789,Groceries,Sale,-72.41,
01/25/2025,01/26/2025,LA FITNESS,Health & Wellness,Sale,-10.70,
01/24/2025,01/26/2025,AMZN Mktp US*ZC3CQ6SZ2,Shopping,Sale,-102.71,
01/23/2025,01/23/2025,AMAZON MKTPL*ZC4GY5512,Shopping,Sale,-105.93,
01/22/2025,01/23/2025,COSTCO GAS #0185,Gas,Sale,-31.85,
01/22/2025,01/23/2025,COSTCO WHSE #0185,Shopping,Sale,-203.52,
01/22/2025,01/23/2025,COSTCO WHSE #0185,Shopping,Sale,-5.08,
01/19/2025,01/20/2025,PUBLIX #1789,Groceries,Sale,-26.74,
01/16/2025,01/17/2025,MAVIS01250,Automotive,Sale,-105.54,
01/16/2025,01/16/2025,AMAZON MKTPL*ZG4A95X32,Shopping,Sale,-38.50,
01/15/2025,01/16/2025,Amazon.com*ZG17W6PB2,Shopping,Sale,-74.87,
01/13/2025,01/14/2025,CHEGG  *ORDER,Shopping,Sale,-17.62,
01/13/2025,01/14/2025,COSTCO GAS #0185,Gas,Sale,-44.53,
01/13/2025,01/14/2025,COSTCO WHSE #0185,Shopping,Sale,-205.85,
01/13/2025,01/14/2025,COSTCO WHSE #0185,Shopping,Sale,-4.97,
01/12/2025,01/13/2025,PUBLIX #1789,Groceries,Sale,-26.74,
01/10/2025,01/10/2025,Payment Thank You - Bill,,Payment,1680.24,
01/09/2025,01/10/2025,SOLO BRANDS LLC,Home,Sale,-246.09,
01/08/2025,01/09/2025,ATT*BILL PAYMENT,Bills & Utilities,Sale,-85.27,
01/08/2025,01/09/2025,AMAZON MKTPL*ZD4VN3G70,Shopping,Sale,-24.60,
01/07/2025,01/08/2025,AMAZON MKTPL*ZP32P2801,Shopping,Sale,-13.19,
01/08/2025,01/08/2025,CURSOR  AI POWERED IDE,Shopping,Sale,-20.00,
01/06/2025,01/07/2025,Amazon.com*ZD09Q0IH2,Shopping,Sale,-45.99,
01/05/2025,01/06/2025,PUBLIX #458,Groceries,Sale,-65.60,
01/03/2025,01/05/2025,COSTCO GAS #0185,Gas,Sale,-39.79,
01/04/2025,01/05/2025,QUIZLET.COM,Education,Sale,-7.99,
01/03/2025,01/05/2025,COSTCO WHSE #0185,Shopping,Sale,-95.09,
01/03/2025,01/05/2025,COSTCO WHSE #0185,Shopping,Sale,-4.97,
01/03/2025,01/05/2025,OPENAI *CHATGPT SUBSCR,Shopping,Sale,-20.00,
01/02/2025,01/03/2025,CHICK-FIL-A SPACE MT230,Food & Drink,Sale,-17.88,
12/29/2024,12/30/2024,CHEVRON 0210729,Gas,Sale,-30.99,
12/29/2024,12/30/2024,CHIPOTLE ONLINE,Food & Drink,Sale,-0.53,
12/28/2024,12/30/2024,PUBLIX #458,Groceries,Sale,-39.63,
12/27/2024,12/29/2024,WL *Steam Purchase,Entertainment,Sale,-7.49,
12/29/2024,12/29/2024,SQ *PAT'S LIQUOR LEAF &amp; W,Food & Drink,Sale,-22.46,
12/28/2024,12/29/2024,AMAZON MKTPL*ZE0S28NA1,Shopping,Sale,-14.79,
12/27/2024,12/29/2024,STATE FARM  INSURANCE,Bills & Utilities,Sale,-16.91,
12/23/2024,12/25/2024,LADY JANES - ORLANDO,Personal,Sale,-50.00,
12/24/2024,12/25/2024,SQ *PAT'S LIQUOR LEAF &amp; W,Food & Drink,Sale,-23.53,
12/23/2024,12/25/2024,BARNES &amp; NOBLE #3502,Shopping,Sale,-50.00,
12/25/2024,12/25/2024,LA FITNESS,Health & Wellness,Sale,-26.75,
12/23/2024,12/24/2024,MACYS,Shopping,Sale,-86.00,
12/21/2024,12/23/2024,CHICK-FIL-A #1126,Food & Drink,Sale,-24.84,
12/21/2024,12/23/2024,FIVE BELOW 920,Shopping,Sale,-10.65,
12/20/2024,12/22/2024,Amazon.com*Z92PV0962,Shopping,Sale,-9.75,
12/21/2024,12/22/2024,TARGET        00017608,Groceries,Sale,-48.56,
12/21/2024,12/22/2024,EXPRESS 3004,Shopping,Sale,-86.18,
12/19/2024,12/20/2024,WAL-MART #5894,Groceries,Sale,-106.72,
12/19/2024,12/20/2024,COSTCO GAS #0185,Gas,Sale,-47.50,
12/19/2024,12/20/2024,COSTCO WHSE #0185,Shopping,Sale,-164.52,
12/18/2024,12/19/2024,CHEVRON 0210729,Gas,Sale,-15.01,
12/17/2024,12/18/2024,PUBLIX #1098,Groceries,Sale,-43.37,
12/15/2024,12/17/2024,PY *JEREMIAHS ICE  WINDER,Food & Drink,Sale,-7.92,
12/15/2024,12/15/2024,MICROSOFT*XBOX,Shopping,Sale,-4.94,
12/13/2024,12/15/2024,CHEGG  *ORDER,Shopping,Sale,-17.62,
12/12/2024,12/12/2024,Payment Thank You - Bill,,Payment,1250.17,
12/11/2024,12/12/2024,COSTCO GAS #0185,Gas,Sale,-51.17,
12/11/2024,12/12/2024,COSTCO WHSE #0185,Shopping,Sale,-249.72,
12/10/2024,12/12/2024,GOODWILL OVEIDO #5256,Shopping,Sale,-43.82,
12/10/2024,12/11/2024,PUBLIX #458,Groceries,Sale,-35.14,
12/09/2024,12/10/2024,AMAZON MKTPL*ZR7116720,Shopping,Sale,-10.69,
12/09/2024,12/10/2024,LA Fitness  *AnnualFee,Health & Wellness,Sale,-63.13,
12/08/2024,12/09/2024,ATT*BILL PAYMENT,Bills & Utilities,Sale,-85.27,
12/08/2024,12/09/2024,CURSOR  AI POWERED IDE,Shopping,Sale,-20.00,
12/05/2024,12/08/2024,WEST END TRADING CO,Food & Drink,Sale,-15.44,
12/05/2024,12/08/2024,WEST END TRADING CO,Food & Drink,Sale,-15.44,
12/05/2024,12/08/2024,WEST END TRADING CO,Food & Drink,Sale,-9.96,
12/05/2024,12/08/2024,WEST END TRADING CO,Food & Drink,Sale,-11.42,
12/05/2024,12/08/2024,HOLLERBACHS WILLOW TRE,Food & Drink,Sale,-33.54,
12/04/2024,12/05/2024,AMAZON MKTPL*ZR6OR8CZ2,Shopping,Sale,-27.12,
12/04/2024,12/05/2024,PUBLIX #458,Groceries,Sale,-32.00,
12/04/2024,12/05/2024,QUIZLET.COM,Education,Sale,-7.99,
12/03/2024,12/04/2024,OPENAI *CHATGPT SUBSCR,Shopping,Sale,-20.00,
12/02/2024,12/03/2024,Amazon.com*Z34C54UD1,Shopping,Sale,-64.19,
12/01/2024,12/02/2024,Amazon.com*ZL4QX0L92,Shopping,Sale,-30.89,
11/30/2024,12/02/2024,PUBLIX #458,Groceries,Sale,-62.34,
12/01/2024,12/01/2024,Amazon.com*Z30G04QY1,Shopping,Sale,-6.30,
11/29/2024,12/01/2024,COSTCO GAS #0185,Gas,Sale,-49.81,
11/29/2024,12/01/2024,COSTCO WHSE #0185,Shopping,Sale,-168.48,
11/29/2024,12/01/2024,AMZN Mktp US*Z331H90A1,Shopping,Sale,-23.21,
11/27/2024,11/28/2024,STATE FARM  INSURANCE,Bills & Utilities,Sale,-16.91,
11/26/2024,11/27/2024,PUBLIX #458,Groceries,Sale,-41.77,
11/25/2024,11/26/2024,LA FITNESS-OVIEDO,Health & Wellness,Sale,-80.25,
11/24/2024,11/26/2024,COCONUTS ON THE BEACH,Food & Drink,Sale,-69.57,
11/24/2024,11/25/2024,PUBLIX #1098,Groceries,Sale,-60.40,
11/20/2024,11/21/2024,COSTCO GAS #0185,Gas,Sale,-41.64,
11/20/2024,11/21/2024,COSTCO WHSE #0185,Shopping,Sale,-139.75,
11/20/2024,11/21/2024,COSTCO WHSE #0185,Shopping,Sale,-7.09,
11/17/2024,11/18/2024,PUBLIX #1789,Groceries,Sale,-26.78,
11/15/2024,11/17/2024,PUBLIX #1789,Groceries,Sale,-36.45,
11/13/2024,11/14/2024,CHEGG  *ORDER,Shopping,Sale,-17.62,
11/12/2024,11/13/2024,AMAZON MKTPL*PO4DW7653,Shopping,Sale,-29.95,
11/12/2024,11/12/2024,Payment Thank You - Bill,,Payment,1581.00,
11/11/2024,11/12/2024,MCDONALD'S F10344,Food & Drink,Sale,-15.52,
11/11/2024,11/12/2024,COSTCO GAS #0185,Gas,Sale,-59.45,
11/11/2024,11/12/2024,WL *Steam Purchase,Entertainment,Sale,-69.99,
11/11/2024,11/12/2024,COSTCO WHSE #0185,Shopping,Sale,-196.00,
11/11/2024,11/12/2024,LANIER PARKING 21086700,Travel,Sale,-20.00,
11/10/2024,11/11/2024,ATT*BILL PAYMENT,Bills & Utilities,Sale,-85.27,
11/11/2024,11/11/2024,FESTIVAL B* BARS,Food & Drink,Sale,-20.24,
11/11/2024,11/11/2024,FESTIVAL B* BARS,Food & Drink,Sale,-20.24,
11/08/2024,11/08/2024,CURSOR  AI POWERED IDE,Shopping,Sale,-20.00,
11/07/2024,11/08/2024,WAL-MART #5106,Groceries,Sale,-46.58,
11/04/2024,11/05/2024,QUIZLET.COM,Education,Sale,-7.99,
11/03/2024,11/04/2024,PUBLIX #1789,Groceries,Sale,-44.69,
11/03/2024,11/04/2024,OPENAI *CHATGPT SUBSCR,Shopping,Sale,-20.00,
11/01/2024,11/03/2024,MCDONALD'S F10344,Food & Drink,Sale,-15.74,
10/28/2024,10/30/2024,GOODWILL OVEIDO #5256,Shopping,Sale,-32.58,
10/29/2024,10/30/2024,STATE FARM  INSURANCE,Bills & Utilities,Sale,-16.91,
10/28/2024,10/29/2024,COSTCO GAS #0185,Gas,Sale,-52.43,
10/28/2024,10/29/2024,COSTCO WHSE #0185,Shopping,Sale,-94.07,
10/28/2024,10/29/2024,COSTCO WHSE #0185,Shopping,Sale,-4.97,
10/24/2024,10/25/2024,SPIRIT HALLOWEEN 60472,Shopping,Sale,-74.53,
10/20/2024,10/21/2024,PUBLIX #1789,Groceries,Sale,-50.60,
10/19/2024,10/20/2024,TST*KNIGHTS OUT,Food & Drink,Sale,-23.44,
10/17/2024,10/18/2024,COSTCO GAS #0185,Gas,Sale,-32.74,
10/17/2024,10/18/2024,COSTCO WHSE #0185,Shopping,Sale,-173.65,
10/17/2024,10/18/2024,COSTCO WHSE #0185,Shopping,Sale,-4.97,
10/15/2024,10/16/2024,PUBLIX #458,Groceries,Sale,-35.50,
10/13/2024,10/14/2024,CHEGG  *ORDER,Shopping,Sale,-17.62,
10/11/2024,10/13/2024,STEAMGAMES.COM 4259522985,Entertainment,Sale,-6.99,
10/10/2024,10/11/2024,COSTCO GAS #0185,Gas,Sale,-25.85,
10/10/2024,10/11/2024,COSTCO WHSE #0185,Shopping,Sale,-93.52,
10/11/2024,10/11/2024,Payment Thank You - Bill,,Payment,2388.22,
10/09/2024,10/10/2024,ATT*BILL PAYMENT,Bills & Utilities,Sale,-85.27,
10/08/2024,10/09/2024,SQ *PAT'S LIQUOR LEAF &amp; W,Food & Drink,Sale,-41.71,
10/08/2024,10/08/2024,CURSOR  AI POWERED IDE,Shopping,Sale,-20.00,
10/07/2024,10/08/2024,HEROKU* SEP-98596118,Shopping,Sale,-6.03,
10/06/2024,10/07/2024,PUBLIX #1789,Groceries,Sale,-21.95,
10/04/2024,10/06/2024,AMAZON MKTPL*K65JR0DW3,Shopping,Sale,-45.42,
10/03/2024,10/04/2024,OPENAI *CHATGPT SUBSCR,Shopping,Sale,-20.00,
10/02/2024,10/04/2024,GOODWILL OVEIDO #5256,Shopping,Sale,-71.73,
10/02/2024,10/04/2024,LADY JANES - ORLANDO,Personal,Sale,-40.00,
10/02/2024,10/03/2024,COSTCO GAS #0185,Gas,Sale,-53.18,
10/02/2024,10/03/2024,COSTCO WHSE #0185,Shopping,Sale,-264.40,
10/02/2024,10/03/2024,AMAZON MKTPL*FB64W8W23,Shopping,Sale,-5.02,
09/30/2024,10/02/2024,GOODWILL OVEIDO #5256,Shopping,Sale,-28.85,
09/30/2024,10/01/2024,Amazon.com*BN8SA0O63,Shopping,Sale,-291.28,
09/29/2024,09/30/2024,AMAZON MKTPL*6K15Z9DM3,Shopping,Sale,-45.46,
09/27/2024,09/29/2024,WL *STEAM PURCHASE,Entertainment,Sale,-14.99,
09/27/2024,09/29/2024,STATE FARM  INSURANCE,Bills & Utilities,Sale,-16.91,
09/27/2024,09/29/2024,AMAZON MKTPL*0K5B56593,Shopping,Sale,-46.90,
09/27/2024,09/27/2024,AMAZON MKTPL*WS9R663D3,Shopping,Sale,-10.69,
09/25/2024,09/26/2024,PUBLIX #458,Groceries,Sale,-28.87,
09/22/2024,09/24/2024,PUBLIX #458,Groceries,Sale,-25.99,
09/19/2024,09/20/2024,COSTCO GAS #0185,Gas,Sale,-43.53,
09/19/2024,09/20/2024,COSTCO WHSE #0185,Shopping,Sale,-114.77,
09/18/2024,09/19/2024,WAL-MART #5106,Groceries,Sale,-27.16,
09/16/2024,09/17/2024,PUBLIX #1789,Groceries,Sale,-31.41,
09/15/2024,09/16/2024,SPI*DUKE-ENERGY,Bills & Utilities,Sale,-341.82,
09/13/2024,09/15/2024,AMAZON MKTPL*F42UF5BK3,Shopping,Sale,-70.09,
09/13/2024,09/15/2024,CHEGG  *ORDER,Shopping,Sale,-17.62,
09/12/2024,09/13/2024,SEMINOLE COUNTY UTILITIES,Bills & Utilities,Sale,-124.75,
09/11/2024,09/12/2024,PUBLIX #458,Groceries,Sale,-64.68,
09/12/2024,09/12/2024,Payment Thank You - Bill,,Payment,1638.04,
09/10/2024,09/11/2024,SHPE - DONATIONS,Gifts & Donations,Sale,-10.00,
09/10/2024,09/11/2024,ATT*BILL PAYMENT,Bills & Utilities,Sale,-73.38,
09/10/2024,09/11/2024,SQ *SOCIETY OF HISPANIC P,Health & Wellness,Sale,-25.00,
09/09/2024,09/10/2024,HEROKU* AUG-97878259,Shopping,Sale,-21.00,
09/09/2024,09/10/2024,COSTCO GAS #0185,Gas,Sale,-54.43,
09/09/2024,09/10/2024,COSTCO WHSE #0185,Shopping,Sale,-218.30,
09/08/2024,09/09/2024,TST*HAWKERS ASIAN STREET,Food & Drink,Sale,-34.04,
09/08/2024,09/09/2024,CURSOR  AI POWERED IDE,Shopping,Sale,-20.00,
09/06/2024,09/08/2024,UNIV-OF-C-FLA-BKSTOR#3270,Shopping,Sale,-26.61,
09/05/2024,09/08/2024,GOODWILL OVEIDO #5256,Shopping,Sale,-19.21,
09/05/2024,09/06/2024,PUBLIX #458,Groceries,Sale,-46.57,
09/04/2024,09/05/2024,BEST BUY      00005710,Shopping,Sale,-466.44,
09/03/2024,09/04/2024,OPENAI *CHATGPT SUBSCR,Shopping,Sale,-20.00,
09/02/2024,09/03/2024,WL *Steam Purchase,Entertainment,Sale,-29.99,
09/01/2024,09/02/2024,PUBLIX #1789,Groceries,Sale,-29.65,
09/01/2024,09/02/2024,WAL-MART #942,Groceries,Sale,-18.07,
08/31/2024,09/02/2024,TARGET        00017608,Groceries,Sale,-150.17,
08/29/2024,09/01/2024,CHICK-FIL-A #03888,Food & Drink,Sale,-13.15,
08/28/2024,08/30/2024,RACETRAC 601  00006015,Gas,Sale,-5.10,
08/28/2024,08/29/2024,COSTCO GAS #0185,Gas,Sale,-59.59,
08/28/2024,08/29/2024,COSTCO WHSE #0185,Shopping,Sale,-72.46,
08/28/2024,08/29/2024,COSTCO WHSE #0185,Shopping,Sale,-4.97,
08/27/2024,08/28/2024,STATE FARM  INSURANCE,Bills & Utilities,Sale,-16.91,
08/26/2024,08/27/2024,WAL-MART #5106,Groceries,Sale,-25.28,
08/25/2024,08/26/2024,WAL-MART #942,Groceries,Sale,-3.16,
08/25/2024,08/26/2024,PUBLIX #458,Groceries,Sale,-27.02,
08/25/2024,08/26/2024,EXXON 7-ELEVEN 34828,Gas,Sale,-16.00,
08/24/2024,08/25/2024,AMAZON MKTPL*R49051P70,Shopping,Sale,-42.70,
08/22/2024,08/23/2024,PUBLIX #458,Groceries,Sale,-40.77,
08/19/2024,08/21/2024,GOODWILL OVEIDO #5256,Shopping,Sale,-26.71,
08/19/2024,08/20/2024,PUBLIX #458,Groceries,Sale,-34.09,
08/18/2024,08/19/2024,AMAZON MKTPL*RU4UD1YV2,Shopping,Sale,-51.94,
08/18/2024,08/19/2024,WAL-MART #942,Groceries,Sale,-36.47,
08/19/2024,08/19/2024,WWW.REDBUBBLE.COM,Shopping,Sale,-30.08,
08/15/2024,08/16/2024,COSTCO WHSE #0185,Shopping,Sale,-156.55,
08/14/2024,08/15/2024,PUBLIX #458,Groceries,Sale,-44.65,
08/13/2024,08/14/2024,CHEGG  ORDER,Shopping,Sale,-17.62,
08/10/2024,08/12/2024,GOODWILL OVEIDO #5256,Shopping,Sale,-37.39,
08/11/2024,08/12/2024,PUBLIX #458,Groceries,Sale,-23.92,
08/12/2024,08/12/2024,Amazon.com*RM4NK98J0,Shopping,Sale,-27.98,
08/10/2024,08/11/2024,COSTCO GAS #0185,Gas,Sale,-49.89,
08/10/2024,08/11/2024,COSTCO WHSE #0185,Shopping,Sale,-126.38,
08/10/2024,08/11/2024,COSTCO WHSE #0185,Shopping,Sale,-4.97,
08/09/2024,08/11/2024,AMAZON MKTPL*RM3AN6NO1,Shopping,Sale,-88.73,
08/08/2024,08/09/2024,CHIPOTLE ONLINE,Food & Drink,Sale,-14.06,
08/08/2024,08/08/2024,CURSOR  AI POWERED IDE,Shopping,Sale,-20.00,
08/07/2024,08/08/2024,HEROKU* JUL-97138701,Shopping,Sale,-16.70,
08/05/2024,08/06/2024,PUBLIX #458,Groceries,Sale,-20.53,
08/04/2024,08/05/2024,WAWA 5161,Gas,Sale,-18.62,
08/04/2024,08/05/2024,REG WATERFORD 20  0734,Entertainment,Sale,-17.57,
08/03/2024,08/04/2024,AMAZON MKTPL*RF65Z8XR2,Shopping,Sale,-37.44,
08/03/2024,08/04/2024,OPENAI *CHATGPT SUBSCR,Shopping,Sale,-20.00,
08/01/2024,08/02/2024,PUBLIX #458,Groceries,Sale,-34.21,
07/31/2024,08/01/2024,AMAZON MKTPL*RV3869QM1,Shopping,Sale,-21.70,
07/30/2024,07/31/2024,UCF CHICK FIL A RWC,Food & Drink,Sale,-11.32,
07/30/2024,07/31/2024,COSTCO GAS #0185,Gas,Sale,-55.29,
07/30/2024,07/31/2024,COSTCO WHSE #0185,Shopping,Sale,-283.10,
07/30/2024,07/31/2024,CHEVRON 0210729,Gas,Sale,-4.25,
07/30/2024,07/31/2024,COSTCO WHSE #0185,Shopping,Sale,-42.47,
07/30/2024,07/31/2024,CHEVRON 0210729,Gas,Sale,-17.22,
07/29/2024,07/30/2024,CHIPOTLE ONLINE,Food & Drink,Sale,-0.53,
07/28/2024,07/30/2024,THE HOME DEPOT #6331,Home,Sale,-7.43,
07/28/2024,07/29/2024,AT&amp;T   *PAYMENT,Bills & Utilities,Sale,-100.00,
07/28/2024,07/29/2024,PUBLIX #458,Groceries,Sale,-31.52,
07/26/2024,07/28/2024,EXXON 7-ELEVEN 34828,Gas,Sale,-15.04,
07/26/2024,07/28/2024,CHICK-FIL-A #0768,Food & Drink,Sale,-12.62,
07/27/2024,07/28/2024,STATE FARM  INSURANCE,Bills & Utilities,Sale,-16.91,
07/25/2024,07/26/2024,PUBLIX #458,Groceries,Sale,-19.46,
07/23/2024,07/25/2024,CHICK-FIL-A #0768,Food & Drink,Sale,-13.09,
07/23/2024,07/24/2024,CSC SERVICEWORK,Food & Drink,Sale,-2.50,
07/23/2024,07/24/2024,EXXON REBEL#815,Gas,Sale,-14.03,
07/24/2024,07/24/2024,Payment Thank You - Bill,,Payment,4770.00,
07/21/2024,07/23/2024,DIXIE CREAM CAFE,Food & Drink,Sale,-17.25,
07/16/2024,07/22/2024,INTEREST CHARGE REVERSAL,Fees & Adjustments,Refund,59.74,
07/14/2024,07/22/2024,INTEREST CHARGE REVERSAL,Fees & Adjustments,Refund,0.05,
07/14/2024,07/22/2024,Late Fee Reversal,Fees & Adjustments,Refund,29.00,
07/20/2024,07/22/2024,CHICK-FIL-A #0768,Food & Drink,Sale,-51.21,
07/20/2024,07/21/2024,DEFY Orlando,Entertainment,Sale,-45.77,
07/18/2024,07/19/2024,PUBLIX #458,Groceries,Sale,-13.67,
07/16/2024,07/17/2024,ETT*TheAvesTwelve100RENT,Professional Services,Sale,-176.16,
07/16/2024,07/16/2024,PURCHASE INTEREST CHARGE,Fees & Adjustments,Fee,-59.74,
07/16/2024,07/16/2024,CURSOR  AI POWERED IDE,Shopping,Sale,-20.00,
07/14/2024,07/15/2024,PUBLIX #1789,Groceries,Sale,-51.10,
07/14/2024,07/14/2024,LATE FEE,Fees & Adjustments,Fee,-29.00,
07/13/2024,07/14/2024,COSTCO WHSE #0185,Shopping,Sale,-97.32,
07/13/2024,07/14/2024,COSTCO WHSE #0185,Shopping,Sale,-4.97,
07/13/2024,07/14/2024,CHEGG  ORDER,Shopping,Sale,-17.62,
07/13/2024,07/14/2024,COSTCO GAS #0185,Gas,Sale,-67.48,
07/09/2024,07/10/2024,PUBLIX #458,Groceries,Sale,-18.26,
07/08/2024,07/09/2024,ZG * RENTAPPLICATION,Professional Services,Sale,-35.00,
07/07/2024,07/09/2024,RACETRAC 601  00006015,Gas,Sale,-21.29,
07/08/2024,07/09/2024,HEROKU* JUN-96409911,Shopping,Sale,-2.57,
07/04/2024,07/05/2024,WAWA 5265,Gas,Sale,-15.60,
07/03/2024,07/04/2024,OPENAI *CHATGPT SUBSCR,Shopping,Sale,-20.00,
07/01/2024,07/03/2024,COCONUTS ON THE BEACH,Food & Drink,Sale,-28.09,
07/01/2024,07/02/2024,ETT*TheAvesTwelve100RENT,Professional Services,Sale,-1111.03,
07/01/2024,07/02/2024,PUBLIX #1098,Groceries,Sale,-34.92,
07/01/2024,07/01/2024,DIGITALOCEAN.COM,Shopping,Sale,-8.00,
07/01/2024,07/01/2024,CURSOR  AI POWERED IDE,Shopping,Sale,-20.00,
06/30/2024,07/01/2024,TST* HAWKERS ASIAN STREE,Food & Drink,Sale,-69.70,
06/29/2024,07/01/2024,PUBLIX #1789,Groceries,Sale,-49.18,
06/29/2024,06/30/2024,COSTCO WHSE #0185,Shopping,Sale,-89.76,
06/26/2024,06/27/2024,PUBLIX #458,Groceries,Sale,-44.01,
06/26/2024,06/27/2024,A RELIABLE TOWING,Automotive,Sale,-135.00,
06/24/2024,06/25/2024,COSTCO GAS #0185,Gas,Sale,-39.25,
06/24/2024,06/25/2024,COSTCO WHSE #0185,Shopping,Sale,-120.58,
06/24/2024,06/25/2024,A RELIABLE TOWING,Automotive,Sale,-203.00,
06/21/2024,06/23/2024,REG OVIEDO MALL  0380,Entertainment,Sale,-12.84,
06/20/2024,06/21/2024,JLCPCB,Shopping,Sale,-36.38,
06/18/2024,06/19/2024,PUBLIX #458,Groceries,Sale,-34.92,
06/18/2024,06/19/2024,WAL-MART #5106,Groceries,Sale,-62.30,
06/17/2024,06/18/2024,LA FITNESS,Health & Wellness,Sale,-33.54,
06/13/2024,06/14/2024,CHEGG  ORDER,Shopping,Sale,-17.62,
06/13/2024,06/14/2024,PUBLIX #1789,Groceries,Sale,-53.96,
06/13/2024,06/14/2024,COSTCO GAS #0185,Gas,Sale,-18.71,
06/13/2024,06/14/2024,COSTCO WHSE #0185,Shopping,Sale,-130.59,
06/12/2024,06/12/2024,Payment Thank You - Bill,,Payment,2018.94,
06/10/2024,06/11/2024,COSTCO GAS #0185,Gas,Sale,-54.03,
06/10/2024,06/11/2024,COSTCO WHSE #0185,Shopping,Sale,-132.97,
06/10/2024,06/11/2024,COSTCO WHSE #0185,Shopping,Sale,-7.09,
06/09/2024,06/11/2024,EXXON 7-ELEVEN 34828,Gas,Sale,-7.73,
06/09/2024,06/10/2024,CHIPOTLE ONLINE,Food & Drink,Sale,-11.45,
06/08/2024,06/10/2024,PUBLIX #458,Groceries,Sale,-32.13,
06/07/2024,06/09/2024,RENTLY.COM,Personal,Sale,-2.99,
06/05/2024,06/06/2024,SQ *K?S CUTS &amp; COLORS LLC,Personal,Sale,-35.00,
06/05/2024,06/06/2024,EXXON REBEL#815,Gas,Sale,-20.23,
06/05/2024,06/06/2024,JLCPCB,Shopping,Sale,-26.26,
06/03/2024,06/04/2024,OPENAI *CHATGPT SUBSCR,Shopping,Sale,-20.00,
06/01/2024,06/02/2024,ETT*TheAvesTwelve100RENT,Professional Services,Sale,-1098.43,
05/31/2024,06/02/2024,PUBLIX #458,Groceries,Sale,-17.67,
06/01/2024,06/02/2024,DIGITALOCEAN.COM,Shopping,Sale,-4.23,
05/30/2024,05/31/2024,PUBLIX #458,Groceries,Sale,-39.62,
05/27/2024,05/27/2024,STEAMGAMES.COM 4259522985,Entertainment,Sale,-23.64,
05/26/2024,05/27/2024,PUBLIX #542,Groceries,Sale,-17.49,
05/25/2024,05/26/2024,COSTCO GAS #0185,Gas,Sale,-28.26,
05/25/2024,05/26/2024,COSTCO WHSE #0185,Shopping,Sale,-92.96,
05/25/2024,05/26/2024,COSTCO WHSE #0185,Shopping,Sale,-7.63,
05/25/2024,05/26/2024,WAL-MART #5106,Groceries,Sale,-26.17,
05/26/2024,05/26/2024,HELP.MAX.COM,Entertainment,Sale,-11.28,
05/20/2024,05/21/2024,PUBLIX #458,Groceries,Sale,-39.69,
05/19/2024,05/20/2024,WAL-MART #942,Groceries,Sale,-55.16,
05/17/2024,05/19/2024,DNH*GODADDY.COM,Bills & Utilities,Sale,-2.17,
05/18/2024,05/19/2024,DKC*DIGI KEY CORP,Home,Sale,-34.44,
05/17/2024,05/19/2024,LA FITNESS,Health & Wellness,Sale,-33.54,
05/16/2024,05/17/2024,PUBLIX #458,Groceries,Sale,-51.49,
05/15/2024,05/16/2024,COSTCO GAS #0185,Gas,Sale,-36.53,
05/15/2024,05/16/2024,COSTCO WHSE #0185,Shopping,Sale,-105.63,
05/15/2024,05/16/2024,COSTCO WHSE #0185,Shopping,Sale,-5.84,
05/13/2024,05/14/2024,PUBLIX #458,Groceries,Sale,-28.02,
05/13/2024,05/14/2024,CHEGG  ORDER,Shopping,Sale,-17.62,
05/13/2024,05/14/2024,TST* AGAVE AZUL WINDERMER,Food & Drink,Sale,-81.99,
05/13/2024,05/14/2024,CSC SERVICEWORK,Food & Drink,Sale,-2.50,
05/12/2024,05/13/2024,COSTCO GAS #1649,Gas,Sale,-62.76,
05/10/2024,05/10/2024,Payment Thank You - Bill,,Payment,2574.60,
05/09/2024,05/10/2024,PUBLIX #1789,Groceries,Sale,-17.03,
05/06/2024,05/07/2024,PUBLIX #458,Groceries,Sale,-30.79,
05/03/2024,05/05/2024,CHATGPT SUBSCRIPTION,Shopping,Sale,-20.00,
05/03/2024,05/05/2024,TST* BAR LOUIE - UCF,Food & Drink,Sale,-25.21,
05/01/2024,05/02/2024,ETT*TheAvesTwelve100RENT,Professional Services,Sale,-1054.67,
04/30/2024,05/01/2024,ETT*TheAvesTwelve100RENT,Professional Services,Sale,-29.15,
04/29/2024,05/01/2024,#5256 GOODWILL OVEIDO,Shopping,Sale,-28.83,
04/29/2024,04/30/2024,RADICALX,Professional Services,Sale,-99.99,
04/29/2024,04/30/2024,PUBLIX #458,Groceries,Sale,-21.50,
04/27/2024,04/28/2024,COSTCO GAS #0185,Gas,Sale,-41.89,
04/27/2024,04/28/2024,COSTCO WHSE #0185,Shopping,Sale,-128.82,
04/24/2024,04/25/2024,UCF CHICK FIL A RWC,Food & Drink,Sale,-11.28,
04/24/2024,04/25/2024,PUBLIX #458,Groceries,Sale,-16.25,
04/22/2024,04/23/2024,CHIPOTLE ONLINE,Food & Drink,Sale,-12.60,
04/20/2024,04/22/2024,PUBLIX #458,Groceries,Sale,-32.92,
04/20/2024,04/21/2024,TST* BAR LOUIE - UCF,Food & Drink,Sale,-11.82,
04/18/2024,04/19/2024,PUBLIX #458,Groceries,Sale,-23.54,
04/17/2024,04/18/2024,UCF CHICK FIL A RWC,Food & Drink,Sale,-11.28,
04/17/2024,04/18/2024,LA FITNESS,Health & Wellness,Sale,-33.54,
04/16/2024,04/17/2024,PUBLIX #458,Groceries,Sale,-26.94,
04/14/2024,04/15/2024,CANVA* I04121-26025006,Shopping,Sale,-239.98,
04/13/2024,04/14/2024,CHEGG  ORDER,Shopping,Sale,-17.62,
04/12/2024,04/14/2024,MULTISIM LIVE PREMIUM,Shopping,Sale,-9.99,
04/12/2024,04/14/2024,UCF PARKING SERVICES,Education,Sale,-95.88,
04/11/2024,04/14/2024,UCF PARKING SERVICES,Education,Sale,-30.00,
04/12/2024,04/12/2024,Payment Thank You - Bill,,Payment,594.68,
04/11/2024,04/12/2024,PUBLIX #458,Groceries,Sale,-20.51,
04/10/2024,04/11/2024,COSTCO GAS #0185,Gas,Sale,-51.27,
04/10/2024,04/11/2024,COSTCO WHSE #0185,Shopping,Sale,-140.10,
04/10/2024,04/11/2024,UCF CHICK FIL A RWC,Food & Drink,Sale,-11.28,
04/10/2024,04/11/2024,COSTCO WHSE #0185,Shopping,Sale,-2.85,
04/07/2024,04/08/2024,TST* HAWKERS ASIAN STREE,Food & Drink,Sale,-49.41,
04/07/2024,04/08/2024,PUBLIX #542,Groceries,Sale,-4.49,
04/03/2024,04/04/2024,PUBLIX #458,Groceries,Sale,-40.99,
04/03/2024,04/04/2024,CHATGPT SUBSCRIPTION,Shopping,Sale,-20.00,
04/02/2024,04/03/2024,MULTISIM LIVE PREMIUM,Shopping,Sale,-2.26,
04/01/2024,04/02/2024,ETT*TheAvesTwelve100RENT,Professional Services,Sale,-1103.38,
04/01/2024,04/02/2024,WAL-MART #5106,Groceries,Sale,-57.18,
03/28/2024,03/29/2024,PUBLIX #1789,Groceries,Sale,-18.50,
03/27/2024,03/28/2024,COSTCO GAS #0185,Gas,Sale,-55.47,
03/27/2024,03/28/2024,COSTCO WHSE #0185,Shopping,Sale,-81.34,
03/24/2024,03/25/2024,PUBLIX #1789,Groceries,Sale,-26.25,
03/21/2024,03/24/2024,COCOA BEACH ALE HOUSE,Food & Drink,Sale,-39.74,
03/21/2024,03/22/2024,PUBLIX #1563,Groceries,Sale,-22.11,
03/20/2024,03/21/2024,TST* HAWKERS ASIAN STREE,Food & Drink,Sale,-67.19,
03/18/2024,03/19/2024,PUBLIX #1789,Groceries,Sale,-19.52,
03/17/2024,03/19/2024,EXXON 7-ELEVEN 34828,Gas,Sale,-20.88,
03/18/2024,03/19/2024,COSTCO GAS #0185,Gas,Sale,-57.41,
03/18/2024,03/19/2024,COSTCO WHSE #0185,Shopping,Sale,-206.19,
03/17/2024,03/18/2024,AMC 0582 WEST OAKS 14,Entertainment,Sale,-29.27,
03/17/2024,03/18/2024,LA FITNESS,Health & Wellness,Sale,-33.54,
03/13/2024,03/14/2024,CHEGG  ORDER,Shopping,Sale,-17.62,
03/13/2024,03/14/2024,UCF CHICK FIL A RWC,Food & Drink,Sale,-11.28,
03/12/2024,03/13/2024,PUBLIX #1789,Groceries,Sale,-23.46,
03/12/2024,03/13/2024,MULTISIM LIVE STANDARD,Shopping,Sale,-2.99,
03/11/2024,03/13/2024,RACETRAC 601  00006015,Gas,Sale,-22.11,
03/11/2024,03/12/2024,PUBLIX #458,Groceries,Sale,-40.42,
03/12/2024,03/12/2024,Payment Thank You - Bill,,Payment,740.94,
03/06/2024,03/07/2024,UCF CHICK FIL A RWC,Food & Drink,Sale,-11.28,
03/06/2024,03/07/2024,TST* BAR LOUIE - UCF,Food & Drink,Sale,-15.97,
03/03/2024,03/04/2024,TST* HAWKERS ASIAN STREE,Food & Drink,Sale,-57.60,
03/03/2024,03/04/2024,CHATGPT SUBSCRIPTION,Shopping,Sale,-20.00,
03/02/2024,03/03/2024,CANVA* I04078-55807187,Shopping,Sale,-12.99,
02/29/2024,03/01/2024,PUBLIX #458,Groceries,Sale,-67.09,
02/28/2024,02/29/2024,UCF CHICK FIL A RWC,Food & Drink,Sale,-11.28,
02/28/2024,02/29/2024,TST* BAR LOUIE - UCF,Food & Drink,Sale,-15.97,
02/25/2024,02/26/2024,PUBLIX #542,Groceries,Sale,-32.54,
02/23/2024,02/25/2024,COSTCO GAS #0185,Gas,Sale,-44.68,
02/23/2024,02/25/2024,COSTCO WHSE #0185,Shopping,Sale,-114.31,
02/23/2024,02/25/2024,COSTCO WHSE #0185,Shopping,Sale,-4.97,
02/21/2024,02/22/2024,UCF CHICK FIL A RWC,Food & Drink,Sale,-11.28,
02/19/2024,02/20/2024,PUBLIX #458,Groceries,Sale,-23.30,
02/17/2024,02/18/2024,LA FITNESS,Health & Wellness,Sale,-33.54,
02/14/2024,02/15/2024,WAL-MART #5106,Groceries,Sale,-70.58,
02/13/2024,02/14/2024,CHEGG  ORDER,Shopping,Sale,-17.62,
02/12/2024,02/13/2024,MULTISIM LIVE STANDARD,Shopping,Sale,-2.99,
02/11/2024,02/12/2024,PUBLIX #458,Groceries,Sale,-16.55,
02/10/2024,02/12/2024,#5256 GOODWILL OVEIDO,Shopping,Sale,-8.53,
02/12/2024,02/12/2024,Payment Thank You - Bill,,Payment,958.25,
02/10/2024,02/11/2024,COSTCO GAS #0185,Gas,Sale,-56.35,
02/10/2024,02/11/2024,COSTCO WHSE #0185,Shopping,Sale,-63.23,
02/10/2024,02/11/2024,COSTCO WHSE #0185,Shopping,Sale,-4.97,
02/07/2024,02/08/2024,TST* BAR LOUIE - UCF,Food & Drink,Sale,-15.97,
02/07/2024,02/08/2024,UCF CHICK FIL A RWC,Food & Drink,Sale,-11.28,
02/05/2024,02/06/2024,PUBLIX #458,Groceries,Sale,-44.62,
02/04/2024,02/06/2024,EXXON 7-ELEVEN 34828,Gas,Sale,-15.50,
02/04/2024,02/05/2024,TST* BAR LOUIE - UCF,Food & Drink,Sale,-8.38,
02/04/2024,02/05/2024,TST* HAWKERS ASIAN STREE,Food & Drink,Sale,-61.87,
02/03/2024,02/04/2024,CHATGPT SUBSCRIPTION,Shopping,Sale,-20.00,
02/02/2024,02/04/2024,CANVA* I04049-75046118,Shopping,Sale,-12.99,
02/01/2024,02/02/2024,WAL-MART #5106,Groceries,Sale,-23.91,
01/31/2024,02/01/2024,TST* BAR LOUIE - UCF,Food & Drink,Sale,-15.01,
01/31/2024,02/01/2024,UCF CHICK FIL A RWC,Food & Drink,Sale,-11.28,
01/28/2024,01/29/2024,CSC SERVICEWORK,Food & Drink,Sale,-2.50,
01/28/2024,01/29/2024,TST* HAWKERS ASIAN STREE,Food & Drink,Sale,-56.54,
01/27/2024,01/29/2024,PUBLIX #458,Groceries,Sale,-21.34,
01/25/2024,01/26/2024,PUBLIX #458,Groceries,Sale,-19.74,
01/24/2024,01/25/2024,UCF CHICK FIL A RWC,Food & Drink,Sale,-11.28,
01/23/2024,01/24/2024,WAL-MART #5106,Groceries,Sale,-19.68,
01/21/2024,01/22/2024,TST* BAR LOUIE - UCF,Food & Drink,Sale,-7.42,
01/20/2024,01/21/2024,TST* BAR LOUIE - UCF,Food & Drink,Sale,-23.80,
01/17/2024,01/18/2024,LA FITNESS,Health & Wellness,Sale,-33.54,
01/17/2024,01/18/2024,LA FIT *ANNUALFEE,Health & Wellness,Sale,-52.19,
01/16/2024,01/17/2024,UCF CHICK FIL A RWC,Food & Drink,Sale,-11.28,
01/15/2024,01/16/2024,COSTCO GAS #0185,Gas,Sale,-29.05,
01/15/2024,01/16/2024,PUBLIX #1789,Groceries,Sale,-28.21,
01/15/2024,01/16/2024,COSTCO WHSE #0185,Shopping,Sale,-79.40,
01/15/2024,01/16/2024,COSTCO WHSE #0185,Shopping,Sale,-2.85,
01/13/2024,01/14/2024,CHEGG  ORDER,Shopping,Sale,-17.62,
01/12/2024,01/12/2024,Payment Thank You - Bill,,Payment,799.56,
01/10/2024,01/11/2024,WAL-MART #5106,Groceries,Sale,-6.68,
01/10/2024,01/11/2024,UCF CHICK FIL A RWC,Food & Drink,Sale,-11.28,
01/09/2024,01/09/2024,CHIPOTLE ONLINE,Food & Drink,Sale,-12.94,
01/06/2024,01/08/2024,PUBLIX #1789,Groceries,Sale,-38.15,
01/06/2024,01/07/2024,COSTCO GAS #0185,Gas,Sale,-44.71,
01/06/2024,01/07/2024,COSTCO WHSE #0185,Shopping,Sale,-87.93,
01/06/2024,01/07/2024,COSTCO WHSE #0185,Shopping,Sale,-4.97,
01/04/2024,01/07/2024,EXXON 7-ELEVEN 34828,Gas,Sale,-21.08,
01/04/2024,01/05/2024,TST* HAWKERS ASIAN STREE,Food & Drink,Sale,-91.29,
01/04/2024,01/05/2024,FIRST WATCH - 0097,Food & Drink,Sale,-27.58,
01/04/2024,01/05/2024,WAL-MART #890,Groceries,Sale,-14.31,
01/03/2024,01/04/2024,CHATGPT SUBSCRIPTION,Shopping,Sale,-20.00,
01/02/2024,01/03/2024,PUBLIX #133,Groceries,Sale,-15.00,
01/02/2024,01/03/2024,SQ *K?S CUTS &amp; COLORS LLC,Personal,Sale,-35.00,
01/02/2024,01/03/2024,CANVA* I04018-65088631,Shopping,Sale,-12.99,
01/03/2024,01/03/2024,CHIPOTLE ONLINE,Food & Drink,Sale,-14.43,
12/29/2023,12/31/2023,PUBLIX #542,Groceries,Sale,-10.21,
12/27/2023,12/28/2023,PUBLIX #542,Groceries,Sale,-27.90,
12/27/2023,12/27/2023,CHIPOTLE ONLINE,Food & Drink,Sale,-14.43,
12/25/2023,12/26/2023,WL *Steam Purchase,Entertainment,Sale,-12.49,
12/24/2023,12/25/2023,WAL-MART #942,Groceries,Sale,-31.81,
12/24/2023,12/25/2023,PUBLIX #542,Groceries,Sale,-20.85,
12/24/2023,12/24/2023,CHIPOTLE ONLINE,Food & Drink,Sale,-15.76,
12/22/2023,12/24/2023,PUBLIX #133,Groceries,Sale,-79.99,
12/21/2023,12/22/2023,TST* HAWKERS ASIAN STREE,Food & Drink,Sale,-80.78,
12/19/2023,12/19/2023,CHIPOTLE ONLINE,Food & Drink,Sale,-15.76,
12/19/2023,12/19/2023,LAF WINDERMERE,Health & Wellness,Sale,-22.15,
12/17/2023,12/18/2023,LA FITNESS,Health & Wellness,Sale,-10.65,
12/14/2023,12/15/2023,COSTCO WHSE #0185,Shopping,Sale,-4.97,
12/14/2023,12/15/2023,PUBLIX #1789,Groceries,Sale,-23.08,
12/14/2023,12/15/2023,COSTCO GAS #0185,Gas,Sale,-47.98,
12/14/2023,12/15/2023,COSTCO WHSE #0185,Shopping,Sale,-65.36,
12/13/2023,12/14/2023,CHEGG  ORDER,Shopping,Sale,-17.62,
12/11/2023,12/12/2023,PUBLIX #542,Groceries,Sale,-18.82,
12/11/2023,12/12/2023,CHIPOTLE 3101,Food & Drink,Sale,-15.76,
12/12/2023,12/12/2023,Payment Thank You - Bill,,Payment,1042.72,
12/12/2023,12/12/2023,CHIPOTLE ONLINE,Food & Drink,Sale,-14.27,
12/10/2023,12/11/2023,EPC*FORTNITE,Entertainment,Sale,-11.99,
12/10/2023,12/11/2023,TST* HAWKERS ASIAN STREE,Food & Drink,Sale,-43.96,
12/10/2023,12/11/2023,PUBLIX #542,Groceries,Sale,-15.53,
12/09/2023,12/10/2023,TIJUANA FLATS ONLINE #257,Food & Drink,Sale,-32.43,
12/07/2023,12/07/2023,CHIPOTLE ONLINE,Food & Drink,Sale,-14.27,
12/04/2023,12/05/2023,PUBLIX #1789,Groceries,Sale,-38.21,
12/04/2023,12/05/2023,COSTCO GAS #0185,Gas,Sale,-45.03,
12/04/2023,12/05/2023,COSTCO WHSE #0185,Shopping,Sale,-56.44,
12/04/2023,12/05/2023,COSTCO WHSE #0185,Shopping,Sale,-2.85,
12/03/2023,12/04/2023,CHATGPT SUBSCRIPTION,Shopping,Sale,-20.00,
12/02/2023,12/03/2023,TIJUANA FLATS ONLINE #186,Food & Drink,Sale,-32.43,
12/02/2023,12/03/2023,CANVA* I03987-53619467,Shopping,Sale,-12.99,
11/30/2023,12/01/2023,PUBLIX #458,Groceries,Sale,-37.96,
11/29/2023,11/30/2023,TST* BAR LOUIE - UCF,Food & Drink,Sale,-16.00,
11/30/2023,11/30/2023,CHIPOTLE ONLINE,Food & Drink,Sale,-14.27,
11/27/2023,11/28/2023,PUBLIX #458,Groceries,Sale,-17.93,
11/24/2023,11/26/2023,PUBLIX #458,Groceries,Sale,-24.15,
11/22/2023,11/24/2023,PUBLIX #1789,Groceries,Sale,-18.56,
11/22/2023,11/23/2023,COSTCO GAS #0185,Gas,Sale,-22.68,
11/22/2023,11/23/2023,COSTCO WHSE #0185,Shopping,Sale,-64.22,
11/22/2023,11/23/2023,COSTCO WHSE #0185,Shopping,Sale,-2.85,
11/20/2023,11/21/2023,PUBLIX #458,Groceries,Sale,-16.86,
11/17/2023,11/19/2023,LA FITNESS,Health & Wellness,Sale,-10.65,
11/16/2023,11/17/2023,PUBLIX #458,Groceries,Sale,-19.44,
11/15/2023,11/16/2023,COSTCO WHSE #0185,Shopping,Sale,-4.97,
11/15/2023,11/16/2023,STEAMGAMES.COM 4259522985,Entertainment,Sale,-9.99,
11/15/2023,11/16/2023,COSTCO GAS #0185,Gas,Sale,-19.62,
11/15/2023,11/16/2023,COSTCO WHSE #0185,Shopping,Sale,-99.83,
11/14/2023,11/14/2023,CHIPOTLE ONLINE,Food & Drink,Sale,-14.27,
11/13/2023,11/14/2023,CHEGG  ORDER,Shopping,Sale,-17.62,
11/12/2023,11/13/2023,TST* Hawkers Asian Stree,Food & Drink,Sale,-44.82,
11/10/2023,11/12/2023,EPC*FORTNITE,Entertainment,Sale,-11.99,
11/09/2023,11/10/2023,PUBLIX #458,Groceries,Sale,-21.24,
11/10/2023,11/10/2023,Payment Thank You - Bill,,Payment,630.28,
11/08/2023,11/09/2023,PUBLIX #1789,Groceries,Sale,-33.83,
11/08/2023,11/09/2023,COSTCO GAS #0185,Gas,Sale,-23.60,
11/08/2023,11/09/2023,COSTCO WHSE #0185,Shopping,Sale,-58.43,
11/08/2023,11/09/2023,COSTCO WHSE #0185,Shopping,Sale,-4.97,
11/05/2023,11/06/2023,BEST BUY MHT  00005710,Shopping,Sale,-116.07,
11/05/2023,11/05/2023,CHIPOTLE ONLINE,Food & Drink,Sale,-14.27,
11/03/2023,11/05/2023,CHATGPT SUBSCRIPTION,Shopping,Sale,-20.00,
11/02/2023,11/03/2023,CANVA* I03957-70730464,Shopping,Sale,-12.99,
11/02/2023,11/03/2023,PUBLIX #458,Groceries,Sale,-32.21,
11/02/2023,11/02/2023,CHIPOTLE ONLINE,Food & Drink,Sale,-14.27,
10/31/2023,11/01/2023,UCF CHICK FIL A JTW,Food & Drink,Sale,-10.96,
10/30/2023,10/31/2023,COSTCO GAS #0185,Gas,Sale,-35.40,
10/30/2023,10/31/2023,COSTCO WHSE #0185,Shopping,Sale,-85.79,
10/30/2023,10/30/2023,CHIPOTLE ONLINE,Food & Drink,Sale,-14.27,
10/26/2023,10/27/2023,PUBLIX #458,Groceries,Sale,-11.45,
10/26/2023,10/26/2023,CHIPOTLE ONLINE,Food & Drink,Sale,-14.27,
10/24/2023,10/24/2023,CHIPOTLE ONLINE,Food & Drink,Sale,-14.27,
10/22/2023,10/23/2023,PUBLIX #458,Groceries,Sale,-14.85,
10/19/2023,10/20/2023,PUBLIX #458,Groceries,Sale,-16.85,
10/18/2023,10/19/2023,COSTCO GAS #0185,Gas,Sale,-22.33,
10/18/2023,10/19/2023,COSTCO WHSE #0185,Shopping,Sale,-97.18,
10/18/2023,10/19/2023,COSTCO WHSE #0185,Shopping,Sale,-4.97,
10/18/2023,10/19/2023,WAL-MART #5106,Groceries,Sale,-36.55,
10/16/2023,10/18/2023,UCF PARKING SERVICES,Education,Sale,-47.94,
10/16/2023,10/18/2023,UCF PARKING SERVICES,Education,Sale,-30.00,
10/17/2023,10/18/2023,LA FITNESS,Health & Wellness,Sale,-10.65,
10/13/2023,10/15/2023,CHEGG  ORDER,Shopping,Sale,-17.62,
10/12/2023,10/13/2023,PUBLIX #458,Groceries,Sale,-31.72,
10/12/2023,10/12/2023,Payment Thank You - Bill,,Payment,1232.49,
10/11/2023,10/11/2023,STEAMGAMES.COM 4259522985,Entertainment,Sale,-19.99,
10/09/2023,10/10/2023,WAL-MART #890,Groceries,Sale,-39.38,
10/09/2023,10/10/2023,COSTCO GAS #0185,Gas,Sale,-38.04,
10/09/2023,10/10/2023,COSTCO WHSE #0185,Shopping,Sale,-92.82,
10/08/2023,10/08/2023,CHIPOTLE ONLINE,Food & Drink,Sale,-12.35,
10/03/2023,10/04/2023,CHATGPT SUBSCRIPTION,Shopping,Sale,-20.00,
10/02/2023,10/03/2023,CANVA* I03926-77818061,Shopping,Sale,-12.99,
09/27/2023,09/28/2023,PUBLIX #1789,Groceries,Sale,-72.84,
09/27/2023,09/28/2023,COSTCO GAS #0185,Gas,Sale,-61.22,
09/27/2023,09/28/2023,COSTCO WHSE #0185,Shopping,Sale,-175.96,
09/25/2023,09/25/2023,CHIPOTLE ONLINE,Food & Drink,Sale,-12.35,
09/22/2023,09/22/2023,CHIPOTLE ONLINE,Food & Drink,Sale,-12.35,
09/17/2023,09/18/2023,LA FITNESS,Health & Wellness,Sale,-10.65,
09/14/2023,09/15/2023,COSTCO WHSE #0185,Shopping,Sale,-68.53,
09/14/2023,09/14/2023,CHIPOTLE ONLINE,Food & Drink,Sale,-12.35,
09/13/2023,09/14/2023,CHEGG  ORDER,Shopping,Sale,-17.62,
09/12/2023,09/12/2023,Payment Thank You - Bill,,Payment,211.08,
09/12/2023,09/12/2023,CHIPOTLE ONLINE,Food & Drink,Sale,-12.35,
09/10/2023,09/10/2023,CHIPOTLE ONLINE,Food & Drink,Sale,-12.35,
09/07/2023,09/08/2023,PUBLIX #1387,Groceries,Sale,-10.21,
09/07/2023,09/08/2023,COSTCO GAS #0185,Gas,Sale,-53.51,
09/07/2023,09/08/2023,COSTCO WHSE #0185,Shopping,Sale,-82.32,
09/07/2023,09/08/2023,PUBLIX #1789,Groceries,Sale,-43.09,
09/03/2023,09/04/2023,TST* Hawkers Asian Stree,Food & Drink,Sale,-61.54,
09/02/2023,09/03/2023,CANVA* I03896-47378910,Shopping,Sale,-12.99,
08/29/2023,08/30/2023,CENGAGE LEARNING  INC,Shopping,Sale,-100.00,
08/28/2023,08/29/2023,COSTCO WHSE #0185,Shopping,Sale,-4.97,
08/28/2023,08/29/2023,WAL-MART #890,Groceries,Sale,-53.96,
08/28/2023,08/29/2023,COSTCO WHSE #0185,Shopping,Sale,-62.10,
08/28/2023,08/28/2023,CHIPOTLE ONLINE,Food & Drink,Sale,-13.58,
08/25/2023,08/25/2023,CHIPOTLE ONLINE,Food & Drink,Sale,-12.35,
08/21/2023,08/22/2023,COSTCO GAS #0185,Gas,Sale,-50.79,
08/20/2023,08/22/2023,EXXON 7-ELEVEN 34828,Gas,Sale,-25.01,
08/21/2023,08/22/2023,COSTCO WHSE #0185,Shopping,Sale,-259.69,
08/21/2023,08/22/2023,WAL-MART #890,Groceries,Sale,-40.67,
08/21/2023,08/22/2023,TARGET        00017608,Groceries,Sale,-144.70,
08/20/2023,08/21/2023,CHEVRON 0200657,Gas,Sale,-10.05,
08/18/2023,08/20/2023,WL *Steam Purchase,Entertainment,Sale,-9.89,
08/17/2023,08/18/2023,LA FITNESS,Health & Wellness,Sale,-33.54,
08/17/2023,08/17/2023,CHIPOTLE ONLINE,Food & Drink,Sale,-13.58,
08/15/2023,08/17/2023,CHICK-FIL-A #01918,Food & Drink,Sale,-10.75,
08/15/2023,08/16/2023,PUBLIX #133,Groceries,Sale,-10.98,
08/15/2023,08/16/2023,SQ *K?S CUTS &amp; COLORS LLC,Personal,Sale,-35.00,
08/14/2023,08/15/2023,PUBLIX #133,Groceries,Sale,-25.75,
08/13/2023,08/14/2023,CHEGG  ORDER,Shopping,Sale,-17.47,
08/12/2023,08/13/2023,CHIPOTLE ONLINE,Food & Drink,Sale,-7.67,
08/11/2023,08/13/2023,LAF WINDERMERE,Health & Wellness,Sale,-4.43,
08/10/2023,08/10/2023,REDEMPTION CREDIT,Fees & Adjustments,Adjustment,229.50,
08/10/2023,08/10/2023,Payment Thank You - Bill,,Payment,535.48,
08/06/2023,08/06/2023,CHIPOTLE ONLINE,Food & Drink,Sale,-13.58,
08/02/2023,08/03/2023,CANVA* I03865-55497301,Shopping,Sale,-12.99,
07/31/2023,08/01/2023,PUBLIX #542,Groceries,Sale,-9.98,
07/31/2023,07/31/2023,CHIPOTLE ONLINE,Food & Drink,Sale,-13.15,
07/30/2023,07/31/2023,WAL-MART #890,Groceries,Sale,-27.09,
07/29/2023,07/30/2023,WAL-MART #5106,Groceries,Sale,-9.33,
07/24/2023,07/25/2023,COSTCO GAS #0185,Gas,Sale,-19.93,
07/24/2023,07/25/2023,COSTCO WHSE #0185,Shopping,Sale,-64.05,
07/24/2023,07/25/2023,COSTCO WHSE #0185,Shopping,Sale,-4.97,
07/20/2023,07/21/2023,COSTCO GAS #0185,Gas,Sale,-31.11,
07/20/2023,07/21/2023,WAL-MART #5106,Groceries,Sale,-19.54,
07/20/2023,07/21/2023,COSTCO WHSE #0185,Shopping,Sale,-31.01,
07/20/2023,07/21/2023,COSTCO WHSE #0185,Shopping,Sale,-4.97,
07/17/2023,07/18/2023,COSTCO WHSE #0185,Shopping,Sale,-59.84,
07/17/2023,07/18/2023,COSTCO WHSE #0185,Shopping,Sale,-7.09,
07/17/2023,07/18/2023,LA FITNESS,Health & Wellness,Sale,-10.65,
07/13/2023,07/14/2023,CHEGG  ORDER,Shopping,Sale,-17.47,
07/12/2023,07/12/2023,Payment Thank You - Bill,,Payment,786.94,
07/10/2023,07/11/2023,COSTCO GAS #0185,Gas,Sale,-20.90,
07/10/2023,07/11/2023,COSTCO WHSE #0185,Shopping,Sale,-55.15,
07/10/2023,07/11/2023,COSTCO WHSE #0185,Shopping,Sale,-7.09,
07/10/2023,07/11/2023,WAL-MART #5106,Groceries,Sale,-48.12,
07/03/2023,07/04/2023,COSTCO GAS #0185,Gas,Sale,-53.83,
07/03/2023,07/04/2023,COSTCO WHSE #0185,Shopping,Sale,-81.81,
07/03/2023,07/04/2023,COSTCO WHSE #0185,Shopping,Sale,-4.97,
07/02/2023,07/03/2023,CANVA* I03834-29052645,Shopping,Sale,-12.99,
06/29/2023,06/30/2023,WAL-MART #5106,Groceries,Sale,-13.75,
06/26/2023,06/28/2023,EXXON 7-ELEVEN 34828,Gas,Sale,-23.09,
06/26/2023,06/27/2023,Steam Purchase,Entertainment,Sale,-14.99,
06/25/2023,06/26/2023,TST* Hawkers Asian Stree,Food & Drink,Sale,-30.36,
06/24/2023,06/25/2023,COSTCO WHSE #0185,Shopping,Sale,-41.37,
06/18/2023,06/20/2023,EXXON 7-ELEVEN 34828,Gas,Sale,-21.09,
06/18/2023,06/19/2023,PUBLIX #542,Groceries,Sale,-22.47,
06/18/2023,06/19/2023,WAL-MART #890,Groceries,Sale,-16.42,
06/17/2023,06/18/2023,LA FITNESS,Health & Wellness,Sale,-10.65,
06/17/2023,06/18/2023,COSTCO WHSE #0185,Shopping,Sale,-38.96,
06/13/2023,06/14/2023,CHEGG  ORDER,Shopping,Sale,-17.47,
06/12/2023,06/12/2023,Payment Thank You - Bill,,Payment,905.92,
06/09/2023,06/11/2023,WAL-MART #5106,Groceries,Sale,-34.12,
06/05/2023,06/06/2023,COSTCO WHSE #0185,Shopping,Sale,-123.18,
06/05/2023,06/06/2023,COSTCO WHSE #0185,Shopping,Sale,-4.97,
06/05/2023,06/06/2023,COSTCO GAS #0185,Gas,Sale,-44.05,
06/04/2023,06/05/2023,WAL-MART #5106,Groceries,Sale,-35.90,
06/02/2023,06/04/2023,CANVA* I03804-39279618,Shopping,Sale,-12.99,
06/01/2023,06/02/2023,UCF QDOBA,Food & Drink,Sale,-14.46,
06/01/2023,06/02/2023,UCF QDOBA,Food & Drink,Sale,-14.46,
05/31/2023,06/01/2023,WAL-MART #5106,Groceries,Sale,-13.96,
05/29/2023,05/30/2023,TST* Hawkers Asian Stree,Food & Drink,Sale,-95.43,
05/28/2023,05/29/2023,CSC SERVICEWORK,Food & Drink,Sale,-2.00,
05/25/2023,05/26/2023,WAL-MART #5106,Groceries,Sale,-45.19,
05/24/2023,05/25/2023,COSTCO GAS #0185,Gas,Sale,-38.28,
05/24/2023,05/25/2023,COSTCO WHSE #0185,Shopping,Sale,-69.95,
05/24/2023,05/25/2023,COSTCO WHSE #0185,Shopping,Sale,-4.97,
05/22/2023,05/22/2023,CHIPOTLE ONLINE,Food & Drink,Sale,-23.80,
05/18/2023,05/21/2023,VERIZON WRLS 13938-01,Shopping,Sale,-93.45,
